{"fetched_at":1777150229253,"assets":{"Gold":[{"x":1777064100000,"y":4740.89990234}],"Silver":[{"x":1777064100000,"y":76.41400146}],"Copper":[{"x":1777064100000,"y":6.02850008}],"Aluminum":[],"Platinum":[{"x":1777064100000,"y":2030.40002441}],"Palladium":[{"x":1777064100000,"y":1506.5}],"WTI Oil":[{"x":1777064100000,"y":94.87999725}],"Brent Crude":[{"x":1777064100000,"y":99.12999725}],"Natural Gas":[{"x":1777064100000,"y":2.68300009}],"RBOB Gasoline":[{"x":1777064100000,"y":3.34710002}],"Heating Oil":[{"x":1777064100000,"y":3.79430008}],"Wheat":[],"Corn":[],"Soybeans":[],"Oats":[],"Coffee":[],"Sugar":[],"Cocoa":[],"Orange Juice":[]}}