{"fetched_at":1777241730749,"assets":{"Gold":[{"x":1777241118000,"y":4740.89990234}],"Silver":[{"x":1777241114000,"y":76.41400146}],"Palladium":[{"x":1777241097000,"y":1509.90002441}],"WTI Oil":[{"x":1777241122000,"y":94.40000153}],"Brent Crude":[{"x":1777241114000,"y":99.12999725}],"Natural Gas":[{"x":1777241109000,"y":2.68300009}],"RBOB Gasoline":[{"x":1777241105000,"y":3.3276999}],"Heating Oil":[{"x":1777241126000,"y":3.79430008}]}}